feature,bin,woe,events,non_events,event_rate,points
NAME_CONTRACT_TYPE,"(0.0538, 0.0835]",0.0,24825,282686,0.0807,7
CODE_GENDER,"(0.069, 0.101]",0.0,24825,282686,0.0807,7
AMT_CREDIT,"(44999.999, 180000.0]",-0.1977,2232,30972,0.0672,7
AMT_CREDIT,"(180000.0, 254700.0]",-0.0405,2467,29254,0.0778,7
AMT_CREDIT,"(254700.0, 306306.0]",0.0179,2248,25143,0.0821,7
AMT_CREDIT,"(306306.0, 432000.0]",0.239,3081,27626,0.1003,8
AMT_CREDIT,"(432000.0, 513531.0]",0.1888,2956,27870,0.0959,8
AMT_CREDIT,"(513531.0, 604152.0]",0.292,3233,27493,0.1052,8
AMT_CREDIT,"(604152.0, 755190.0]",0.0609,2908,31158,0.0854,7
AMT_CREDIT,"(755190.0, 900000.0]",-0.142,2121,27837,0.0708,7
AMT_CREDIT,"(900000.0, 1133748.0]",-0.1724,1949,26370,0.0688,7
AMT_CREDIT,"(1133748.0, 4050000.0]",-0.445,1630,28963,0.0533,6
AMT_INCOME_TOTAL,"(25649.999, 81000.0]",0.0158,2735,30656,0.0819,7
AMT_INCOME_TOTAL,"(81000.0, 99000.0]",0.0201,2490,27790,0.0822,7
AMT_INCOME_TOTAL,"(99000.0, 112500.0]",0.0841,3218,33689,0.0872,7
AMT_INCOME_TOTAL,"(112500.0, 135000.0]",0.0549,4147,44702,0.0849,7
AMT_INCOME_TOTAL,"(135000.0, 147150.0]",0.1189,390,3943,0.09,7
AMT_INCOME_TOTAL,"(147150.0, 162000.0]",0.0742,2689,28431,0.0864,7
AMT_INCOME_TOTAL,"(162000.0, 180000.0]",0.0462,2586,28118,0.0842,7
AMT_INCOME_TOTAL,"(180000.0, 225000.0]",-0.0365,3498,41311,0.0781,7
AMT_INCOME_TOTAL,"(225000.0, 270000.0]",-0.1481,1405,18552,0.0704,7
AMT_INCOME_TOTAL,"(270000.0, 117000000.0]",-0.2949,1667,25494,0.0614,7
AMT_ANNUITY,"(1615.499, 11074.5]",-0.1382,2194,28686,0.071,8
AMT_ANNUITY,"(11074.5, 14701.5]",-0.1867,2080,28547,0.0679,8
AMT_ANNUITY,"(14701.5, 18189.0]",0.0533,2608,28155,0.0848,7
AMT_ANNUITY,"(18189.0, 21870.0]",0.08,2670,28066,0.0869,7
AMT_ANNUITY,"(21870.0, 24903.0]",0.0528,2608,28171,0.0847,7
AMT_ANNUITY,"(24903.0, 28062.0]",0.1318,2804,27986,0.0911,7
AMT_ANNUITY,"(28062.0, 32004.0]",0.2443,3094,27596,0.1008,7
AMT_ANNUITY,"(32004.0, 37516.5]",0.0688,2645,28117,0.086,7
AMT_ANNUITY,"(37516.5, 45954.0]",-0.0625,2348,28460,0.0762,7
AMT_ANNUITY,"(45954.0, 258025.5]",-0.3582,1774,28902,0.0578,8
NAME_EDUCATION_TYPE,"(0.0173, 0.0536]",-0.4411,4012,71015,0.0535,8
NAME_EDUCATION_TYPE,"(0.0536, 0.0894]",0.109,20396,208272,0.0892,7
NAME_EDUCATION_TYPE,"(0.0894, 0.109]",0.3343,417,3399,0.1093,7
NAME_INCOME_TYPE,"(0.0529, 0.0575]",-0.4133,4231,72834,0.0549,9
NAME_INCOME_TYPE,"(0.0575, 0.0748]",-0.0824,5360,66275,0.0748,8
NAME_INCOME_TYPE,"(0.0748, 0.0959]",0.1887,15226,143563,0.0959,7
NAME_INCOME_TYPE,"(0.0959, 0.33]",1.8729,8,14,0.3636,0
REGION_POPULATION_RELATIVE,"(-0.00071, 0.00663]",0.0656,2654,28304,0.0857,7
REGION_POPULATION_RELATIVE,"(0.00663, 0.00887]",0.1552,2995,29202,0.093,7
REGION_POPULATION_RELATIVE,"(0.00887, 0.0106]",-0.0486,2477,29611,0.0772,7
REGION_POPULATION_RELATIVE,"(0.0106, 0.0166]",0.01,2353,26528,0.0815,7
REGION_POPULATION_RELATIVE,"(0.0166, 0.0189]",0.172,3120,29913,0.0945,7
REGION_POPULATION_RELATIVE,"(0.0189, 0.0207]",0.1967,2908,27202,0.0966,7
REGION_POPULATION_RELATIVE,"(0.0207, 0.0252]",-0.0054,2338,26766,0.0803,7
REGION_POPULATION_RELATIVE,"(0.0252, 0.0308]",-0.084,2609,32312,0.0747,7
REGION_POPULATION_RELATIVE,"(0.0308, 0.0358]",-0.1684,2374,31991,0.0691,7
REGION_POPULATION_RELATIVE,"(0.0358, 0.0725]",-0.6082,997,20857,0.0456,7
NAME_FAMILY_STATUS,"(0.0572, 0.0756]",-0.0902,15787,196733,0.0743,7
NAME_FAMILY_STATUS,"(0.0756, 0.0819]",0.0161,1620,18152,0.0819,7
NAME_FAMILY_STATUS,"(0.0819, 0.0981]",0.2137,4457,40987,0.0981,7
NAME_FAMILY_STATUS,"(0.0981, 0.0994]",0.2291,2961,26814,0.0994,7
FLAG_EMP_PHONE,"(-0.001, 1.0]",0.0,24825,282686,0.0807,7
OWN_CAR_AGE,"(-0.001, 2.0]",0.0386,18083,198112,0.0836,7
OWN_CAR_AGE,"(2.0, 8.0]",-0.3966,1964,33251,0.0558,7
OWN_CAR_AGE,"(8.0, 14.0]",-0.017,2178,25226,0.0795,7
OWN_CAR_AGE,"(14.0, 91.0]",0.1262,2600,26097,0.0906,7
DAYS_ID_PUBLISH,"(-7197.001, -4724.0]",-0.3286,1829,28928,0.0595,8
DAYS_ID_PUBLISH,"(-4724.0, -4430.0]",-0.2898,1902,28939,0.0617,8
DAYS_ID_PUBLISH,"(-4430.0, -4172.0]",-0.2285,2008,28736,0.0653,8
DAYS_ID_PUBLISH,"(-4172.0, -3881.0]",-0.0544,2355,28315,0.0768,7
DAYS_ID_PUBLISH,"(-3881.0, -3254.0]",-0.0399,2396,28394,0.0778,7
DAYS_ID_PUBLISH,"(-3254.0, -2654.0]",0.0378,2571,28190,0.0836,7
DAYS_ID_PUBLISH,"(-2654.0, -2044.0]",0.1148,2754,27958,0.0897,7
DAYS_ID_PUBLISH,"(-2044.0, -1378.0]",0.1571,2864,27871,0.0932,7
DAYS_ID_PUBLISH,"(-1378.0, -730.0]",0.215,3021,27745,0.0982,7
DAYS_ID_PUBLISH,"(-730.0, 0.0]",0.2537,3125,27610,0.1017,7
DAYS_REGISTRATION,"(-24672.001, -9932.0]",-0.3905,1725,29028,0.0561,8
DAYS_REGISTRATION,"(-9932.0, -8230.0]",-0.2135,2037,28717,0.0662,8
DAYS_REGISTRATION,"(-8230.0, -6776.0]",-0.1157,2231,28522,0.0725,8
DAYS_REGISTRATION,"(-6776.0, -5459.0]",-0.0213,2435,28326,0.0792,7
DAYS_REGISTRATION,"(-5459.0, -4504.0]",0.0796,2670,28078,0.0868,7
DAYS_REGISTRATION,"(-4504.0, -3537.0]",0.081,2673,28070,0.0869,7
DAYS_REGISTRATION,"(-3537.0, -2540.0]",0.0814,2675,28078,0.087,7
DAYS_REGISTRATION,"(-2540.0, -1491.0]",0.0564,2617,28166,0.085,7
DAYS_REGISTRATION,"(-1491.0, -690.0]",0.1242,2780,27959,0.0904,7
DAYS_REGISTRATION,"(-690.0, 0.0]",0.2021,2982,27742,0.0971,7
REGION_RATING_CLIENT_W_CITY,"(0.999, 2.0]",-0.0771,19824,243827,0.0752,8
REGION_RATING_CLIENT_W_CITY,"(2.0, 3.0]",0.3822,5001,38859,0.114,5
OCCUPATION_TYPE,"(0.0473, 0.0621]",-0.3404,2503,40061,0.0588,9
OCCUPATION_TYPE,"(0.0621, 0.063]",-0.2664,1738,25832,0.063,9
OCCUPATION_TYPE,"(0.063, 0.0651]",-0.2317,6348,91132,0.0651,8
OCCUPATION_TYPE,"(0.0651, 0.0961]",-0.0777,1345,16553,0.0751,8
OCCUPATION_TYPE,"(0.0961, 0.0963]",0.1937,3092,29010,0.0963,6
OCCUPATION_TYPE,"(0.0963, 0.106]",0.2966,6459,54673,0.1057,6
OCCUPATION_TYPE,"(0.106, 0.172]",0.4027,3340,25425,0.1161,5
LIVINGAPARTMENTS_AVG,"(-0.001, 0.0563]",-0.031,2425,28482,0.0785,7
LIVINGAPARTMENTS_AVG,"(0.0563, 0.0756]",0.0521,19521,211009,0.0847,7
LIVINGAPARTMENTS_AVG,"(0.0756, 0.105]",-0.2194,1015,14394,0.0659,8
LIVINGAPARTMENTS_AVG,"(0.105, 1.0]",-0.3052,1864,28801,0.0608,9
YEARS_BUILD_AVG,"(-0.001, 0.701]",-0.0814,2343,28943,0.0749,6
YEARS_BUILD_AVG,"(0.701, 0.755]",0.059,19235,206485,0.0852,8
YEARS_BUILD_AVG,"(0.755, 0.81]",-0.1851,1450,19868,0.068,5
YEARS_BUILD_AVG,"(0.81, 1.0]",-0.2916,1797,27390,0.0616,3
EXT_SOURCE_2,"(-0.0009999183, 0.216]",0.9386,5639,25118,0.1833,18
EXT_SOURCE_2,"(0.216, 0.34]",0.4479,3715,27031,0.1208,13
EXT_SOURCE_2,"(0.34, 0.441]",0.2293,3059,27695,0.0995,10
EXT_SOURCE_2,"(0.441, 0.513]",0.0331,2559,28190,0.0832,8
EXT_SOURCE_2,"(0.513, 0.566]",-0.0863,2317,28763,0.0745,6
EXT_SOURCE_2,"(0.566, 0.608]",-0.2104,2021,28403,0.0664,5
EXT_SOURCE_2,"(0.608, 0.646]",-0.3429,1804,28945,0.0587,3
EXT_SOURCE_2,"(0.646, 0.682]",-0.5333,1507,29250,0.049,1
EXT_SOURCE_2,"(0.682, 0.722]",-0.6966,1289,29457,0.0419,-1
EXT_SOURCE_2,"(0.722, 0.855]",-1.052,915,29834,0.0298,-5
EXT_SOURCE_3,"(-0.000473, 0.257]",0.9745,5824,25028,0.1888,19
EXT_SOURCE_3,"(0.257, 0.371]",0.3692,3510,27631,0.1127,12
EXT_SOURCE_3,"(0.371, 0.458]",0.0637,2608,27865,0.0856,8
EXT_SOURCE_3,"(0.458, 0.535]",0.0378,7679,84197,0.0836,8
EXT_SOURCE_3,"(0.535, 0.537]",-0.3548,38,617,0.058,3
EXT_SOURCE_3,"(0.537, 0.604]",-0.4475,1611,28697,0.0532,2
EXT_SOURCE_3,"(0.604, 0.669]",-0.6216,1406,29809,0.045,0
EXT_SOURCE_3,"(0.669, 0.735]",-0.8018,1153,29272,0.0379,-3
EXT_SOURCE_3,"(0.735, 0.896]",-0.9583,996,29570,0.0326,-5
REG_CITY_NOT_WORK_CITY,"(-0.001, 1.0]",0.0,24825,282686,0.0807,7
EXT_SOURCE_1,"(0.013600000000000001, 0.319]",0.6125,4288,26464,0.1394,19
EXT_SOURCE_1,"(0.319, 0.478]",0.0089,2503,28249,0.0814,7
EXT_SOURCE_1,"(0.478, 0.506]",0.0507,15133,163809,0.0846,8
EXT_SOURCE_1,"(0.506, 0.534]",-0.2687,350,5214,0.0629,2
EXT_SOURCE_1,"(0.534, 0.69]",-0.4826,1581,29169,0.0514,-2
EXT_SOURCE_1,"(0.69, 0.963]",-0.9918,970,29781,0.0315,-11
ORGANIZATION_TYPE,"(0.030199999999999998, 0.054]",-0.4465,3587,63835,0.0532,11
ORGANIZATION_TYPE,"(0.054, 0.0668]",-0.2595,1787,26377,0.0634,9
ORGANIZATION_TYPE,"(0.0668, 0.0764]",-0.11,2784,35389,0.0729,8
ORGANIZATION_TYPE,"(0.0764, 0.0853]",0.0254,2140,23757,0.0826,7
ORGANIZATION_TYPE,"(0.0853, 0.093]",0.1518,7118,69641,0.0927,6
ORGANIZATION_TYPE,"(0.093, 0.0998]",0.1905,1064,10014,0.096,6
ORGANIZATION_TYPE,"(0.0998, 0.102]",0.2544,3997,35292,0.1017,5
ORGANIZATION_TYPE,"(0.102, 0.158]",0.3747,2348,18381,0.1133,4
WALLSMATERIAL_MODE,"(0.0462, 0.0635]",-0.2662,4276,63543,0.0631,8
WALLSMATERIAL_MODE,"(0.0635, 0.0741]",-0.1005,5450,68618,0.0736,8
WALLSMATERIAL_MODE,"(0.0741, 0.0913]",0.1306,14579,145683,0.091,7
WALLSMATERIAL_MODE,"(0.0913, 0.097]",0.2012,520,4842,0.097,7
EMERGENCYSTATE_MODE,"(0.0686, 0.0926]",-0.0015,24602,280581,0.0806,7
EMERGENCYSTATE_MODE,"(0.0926, 0.0958]",0.1876,223,2105,0.0958,7
DAYS_LAST_PHONE_CHANGE,"(-4292.001, -2158.0]",-0.4323,1661,29144,0.0539,8
DAYS_LAST_PHONE_CHANGE,"(-2158.0, -1720.0]",-0.3034,1872,28874,0.0609,8
DAYS_LAST_PHONE_CHANGE,"(-1720.0, -1426.0]",-0.2264,2012,28731,0.0654,8
DAYS_LAST_PHONE_CHANGE,"(-1426.0, -1060.0]",-0.1294,2201,28525,0.0716,8
DAYS_LAST_PHONE_CHANGE,"(-1060.0, -757.0]",0.0233,2540,28258,0.0825,7
DAYS_LAST_PHONE_CHANGE,"(-757.0, -546.0]",0.1614,2887,27975,0.0935,7
DAYS_LAST_PHONE_CHANGE,"(-546.0, -364.0]",0.1426,2813,27776,0.092,7
DAYS_LAST_PHONE_CHANGE,"(-364.0, -161.0]",0.2241,3051,27767,0.099,7
DAYS_LAST_PHONE_CHANGE,"(-161.0, 0.0]",0.1694,5788,55636,0.0942,7
FLAG_DOCUMENT_3,"(-0.001, 1.0]",0.0,24825,282686,0.0807,7
HOUSETYPE_MODE,"(0.0684, 0.0915]",-0.0014,24673,281339,0.0806,7
HOUSETYPE_MODE,"(0.0915, 0.101]",0.2507,152,1347,0.1014,7
bur_total_credit,"(-0.001, 84883.5]",0.2377,6164,55339,0.1002,7
bur_total_credit,"(84883.5, 233054.094]",0.0197,2528,28224,0.0822,7
bur_total_credit,"(233054.094, 442365.562]",-0.0558,2358,28392,0.0767,7
bur_total_credit,"(442365.562, 711000.0]",-0.0601,2349,28404,0.0764,7
bur_total_credit,"(711000.0, 1080000.0]",-0.0874,2294,28508,0.0745,7
bur_total_credit,"(1080000.0, 1609278.75]",-0.0856,2290,28408,0.0746,7
bur_total_credit,"(1609278.75, 2452319.0]",-0.0363,2401,28350,0.0781,7
bur_total_credit,"(2452319.0, 4226032.5]",-0.0581,2353,28398,0.0765,7
bur_total_credit,"(4226032.5, 1017957888.0]",-0.1869,2088,28663,0.0679,7
bur_total_debt,"(-6981558.001, 0.0]",-0.1132,8898,113467,0.0727,7
bur_total_debt,"(0.0, 580.5]",-0.2756,40,600,0.0625,8
bur_total_debt,"(580.5, 87583.5]",-0.0215,2434,28318,0.0791,7
bur_total_debt,"(87583.5, 208768.5]",-0.0002,2482,28269,0.0807,7
bur_total_debt,"(208768.5, 398853.0]",0.0667,2639,28111,0.0858,7
bur_total_debt,"(398853.0, 717779.5]",0.1126,2752,27999,0.0895,7
bur_total_debt,"(717779.5, 1417764.125]",0.16,2873,27878,0.0934,7
bur_total_debt,"(1417764.125, 334498336.0]",0.0946,2707,28044,0.088,7
bur_avg_credit,"(-0.001, 46806.75]",0.2428,6192,55311,0.1007,8
bur_avg_credit,"(46806.75, 83972.25]",-0.0508,2369,28382,0.077,7
bur_avg_credit,"(83972.25, 118480.141]",-0.0942,2276,28476,0.074,7
bur_avg_credit,"(118480.141, 158730.75]",-0.043,2386,28364,0.0776,7
bur_avg_credit,"(158730.75, 213131.906]",-0.0188,2440,28311,0.0793,7
bur_avg_credit,"(213131.906, 288830.438]",-0.0126,2454,28297,0.0798,7
bur_avg_credit,"(288830.438, 417968.656]",0.0189,2526,28225,0.0821,7
bur_avg_credit,"(417968.656, 699225.188]",-0.0554,2359,28392,0.0767,7
bur_avg_credit,"(699225.188, 198072352.0]",-0.3318,1823,28928,0.0593,7
AMT_REQ_CREDIT_BUREAU_YEAR,"(-0.001, 1.0]",-0.0155,14065,162660,0.0796,7
AMT_REQ_CREDIT_BUREAU_YEAR,"(1.0, 2.0]",0.0043,4068,46124,0.081,7
AMT_REQ_CREDIT_BUREAU_YEAR,"(2.0, 3.0]",-0.0156,2676,30952,0.0796,7
AMT_REQ_CREDIT_BUREAU_YEAR,"(3.0, 4.0]",0.0243,1710,19004,0.0826,7
AMT_REQ_CREDIT_BUREAU_YEAR,"(4.0, 25.0]",0.0922,2306,23946,0.0878,8
bur_avg_debt,"(-1083614.626, 0.0]",-0.1132,8898,113467,0.0727,7
bur_avg_debt,"(0.0, 180.0]",-0.3602,37,604,0.0577,7
bur_avg_debt,"(180.0, 22288.801]",-0.1853,2091,28659,0.068,7
bur_avg_debt,"(22288.801, 49133.25]",-0.0108,2458,28293,0.0799,7
bur_avg_debt,"(49133.25, 86484.375]",0.1042,2731,28020,0.0888,7
bur_avg_debt,"(86484.375, 149040.0]",0.2045,2991,27761,0.0973,7
bur_avg_debt,"(149040.0, 296136.906]",0.2247,3046,27704,0.0991,7
bur_avg_debt,"(296136.906, 43650000.0]",0.039,2573,28178,0.0837,7
bur_loan_count,"(-0.001, 1.0]",0.1706,7555,72537,0.0943,7
bur_loan_count,"(1.0, 2.0]",-0.0356,2784,32851,0.0781,7
bur_loan_count,"(2.0, 3.0]",-0.0643,2505,30420,0.0761,7
bur_loan_count,"(3.0, 4.0]",-0.1348,2065,26908,0.0713,7
bur_loan_count,"(4.0, 5.0]",-0.0879,1860,23125,0.0744,7
bur_loan_count,"(5.0, 6.0]",-0.1228,1510,19442,0.0721,7
bur_loan_count,"(6.0, 8.0]",-0.1011,2326,29303,0.0735,7
bur_loan_count,"(8.0, 11.0]",-0.0199,2159,25079,0.0793,7
bur_loan_count,"(11.0, 116.0]",0.0193,2061,23021,0.0822,7
cc_avg_payment,"(-0.001, 7746.502]",-0.0381,21573,255187,0.0779,7
cc_avg_payment,"(7746.502, 1125000.0]",0.2976,3252,27499,0.1058,7
cc_avg_limit,"(-0.001, 90000.0]",-0.0225,19529,227449,0.0791,7
cc_avg_limit,"(90000.0, 198243.25]",0.1101,2659,27123,0.0893,8
cc_avg_limit,"(198243.25, 1350000.0]",0.0659,2637,28114,0.0858,7
cc_avg_drawings,"(-0.001, 10576.459]",-0.0701,20944,255816,0.0757,7
cc_avg_drawings,"(10576.459, 1125000.0]",0.4976,3881,26870,0.1262,7
cc_avg_atm_drawings,"(-0.001, 4500.0]",-0.0679,20999,255917,0.0758,7
cc_avg_atm_drawings,"(4500.0, 904500.0]",0.4871,3826,26769,0.1251,7
cc_total_months,"(-0.001, 11.0]",0.007,20208,228504,0.0813,7
cc_total_months,"(11.0, 36.0]",0.146,2636,25939,0.0922,7
cc_total_months,"(36.0, 192.0]",-0.2248,1981,28243,0.0655,7
inst_max_payment_delay,"(-156.001, -8.0]",-0.1811,2334,31854,0.0683,7
inst_max_payment_delay,"(-8.0, -3.0]",-0.1867,2305,31634,0.0679,7
inst_max_payment_delay,"(-3.0, -1.0]",-0.2542,1540,22612,0.0638,7
inst_max_payment_delay,"(-1.0, 0.0]",-0.192,4121,56859,0.0676,7
inst_max_payment_delay,"(0.0, 1.0]",0.0137,1272,14287,0.0818,7
inst_max_payment_delay,"(1.0, 3.0]",0.0578,2034,21861,0.0851,7
inst_max_payment_delay,"(3.0, 6.0]",0.1449,2551,25129,0.0922,7
inst_max_payment_delay,"(6.0, 11.0]",0.2328,2569,23178,0.0998,7
inst_max_payment_delay,"(11.0, 24.0]",0.2043,3002,27868,0.0972,7
inst_max_payment_delay,"(24.0, 2882.0]",0.2522,3097,27404,0.1015,7
inst_avg_payment_diff,"(-146145.90699999998, -1542.435]",0.3788,3496,27256,0.1137,7
inst_avg_payment_diff,"(-1542.435, -630.736]",0.2768,3192,27559,0.1038,7
inst_avg_payment_diff,"(-630.736, -197.463]",0.1565,2864,27887,0.0931,7
inst_avg_payment_diff,"(-197.463, 0.0]",-0.1154,13202,168720,0.0726,7
inst_avg_payment_diff,"(0.0, 362.236]",-0.1358,184,2400,0.0712,7
inst_avg_payment_diff,"(362.236, 337496.812]",-0.2951,1887,28864,0.0614,7
inst_loan_count,"(-0.001, 1.0]",0.1158,8776,89009,0.0897,8
inst_loan_count,"(1.0, 2.0]",0.0542,6030,65040,0.0848,7
inst_loan_count,"(2.0, 3.0]",-0.0387,4049,47928,0.0779,7
inst_loan_count,"(3.0, 4.0]",-0.1479,2393,31594,0.0704,7
inst_loan_count,"(4.0, 6.0]",-0.1858,2355,32291,0.068,7
inst_loan_count,"(6.0, 26.0]",-0.1898,1222,16824,0.0677,7
inst_avg_payment_delay,"(-295.001, -21.6]",-0.1066,2253,28540,0.0732,7
inst_avg_payment_delay,"(-21.6, -16.077]",-0.2287,2006,28711,0.0653,7
inst_avg_payment_delay,"(-16.077, -13.056]",-0.1443,2173,28585,0.0706,7
inst_avg_payment_delay,"(-13.056, -10.875]",-0.0635,2342,28416,0.0761,7
inst_avg_payment_delay,"(-10.875, -9.094]",-0.0419,2387,28344,0.0777,7
inst_avg_payment_delay,"(-9.094, -7.523]",0.0588,2620,28130,0.0852,7
inst_avg_payment_delay,"(-7.523, -6.0]",0.0486,2649,28735,0.0844,7
inst_avg_payment_delay,"(-6.0, -4.354]",0.1334,2747,27373,0.0912,7
inst_avg_payment_delay,"(-4.354, -1.618]",0.2141,3017,27734,0.0981,7
inst_avg_payment_delay,"(-1.618, 1884.205]",0.0634,2631,28118,0.0856,7
cc_max_balance,"(-0.001, 157513.094]",-0.0432,21472,255288,0.0776,7
cc_max_balance,"(157513.094, 1354829.25]",0.3319,3353,27398,0.109,7
cc_total_drawing_count,"(-0.001, 19.0]",-0.0553,21290,256204,0.0767,7
cc_total_drawing_count,"(19.0, 2298.0]",0.4187,3535,26482,0.1178,7
pos_avg_dpd,"(-0.001, 0.318]",-0.043,21478,255328,0.0776,7
pos_avg_dpd,"(0.318, 2622.078]",0.3315,3347,27358,0.109,7
pos_max_dpd,"(-0.001, 7.0]",-0.0318,21755,255740,0.0784,7
pos_max_dpd,"(7.0, 4231.0]",0.2603,3070,26946,0.1023,7
pos_avg_instalment_future,"(-0.001, 2.625]",-0.1081,2272,28825,0.0731,8
pos_avg_instalment_future,"(2.625, 4.0]",0.0246,2594,28821,0.0826,7
pos_avg_instalment_future,"(4.0, 5.0]",-0.1131,2312,29479,0.0727,8
pos_avg_instalment_future,"(5.0, 5.823]",-0.13,2055,26648,0.0716,8
pos_avg_instalment_future,"(5.823, 6.542]",0.0299,2552,28205,0.083,7
pos_avg_instalment_future,"(6.542, 8.0]",-0.0125,2499,28815,0.0798,7
pos_avg_instalment_future,"(8.0, 9.938]",-0.0444,2339,27843,0.0775,8
pos_avg_instalment_future,"(9.938, 12.628]",-0.0837,2298,28452,0.0747,8
pos_avg_instalment_future,"(12.628, 17.6]",0.0728,2655,28109,0.0863,7
pos_avg_instalment_future,"(17.6, 60.0]",0.297,3249,27489,0.1057,6
pos_total_months,"(-0.001, 6.0]",-0.0639,2758,33477,0.0761,7
pos_total_months,"(6.0, 9.0]",0.2685,2826,24603,0.103,8
pos_total_months,"(9.0, 12.0]",0.2097,3012,27810,0.0977,8
pos_total_months,"(12.0, 16.0]",0.1779,3073,29291,0.095,8
pos_total_months,"(16.0, 21.0]",0.024,2640,29349,0.0825,7
pos_total_months,"(21.0, 26.0]",-0.0341,2249,26499,0.0782,7
pos_total_months,"(26.0, 33.0]",-0.0952,2105,26364,0.0739,7
pos_total_months,"(33.0, 43.0]",-0.1507,2147,28426,0.0702,7
pos_total_months,"(43.0, 60.0]",-0.2205,1996,28335,0.0658,6
pos_total_months,"(60.0, 295.0]",-0.2159,2019,28532,0.0661,6
prev_avg_down_payment,"(-0.226, 0.0]",0.1147,9940,100920,0.0897,7
prev_avg_down_payment,"(0.0, 1068.3]",0.1337,1108,11038,0.0912,7
prev_avg_down_payment,"(1068.3, 2506.5]",0.1789,2924,27843,0.095,7
prev_avg_down_payment,"(2506.5, 4132.5]",0.0438,2583,28153,0.084,7
prev_avg_down_payment,"(4132.5, 6018.75]",-0.0359,2402,28353,0.0781,7
prev_avg_down_payment,"(6018.75, 9000.0]",-0.1356,2253,29381,0.0712,7
prev_avg_down_payment,"(9000.0, 15187.5]",-0.2454,1920,27943,0.0643,7
prev_avg_down_payment,"(15187.5, 2025000.0]",-0.409,1695,29055,0.0551,7
prev_avg_application,"(-0.001, 27180.0]",0.0296,2551,28202,0.083,8
prev_avg_application,"(27180.0, 46663.031]",0.1806,2927,27823,0.0952,9
prev_avg_application,"(46663.031, 63450.0]",0.0265,2544,28211,0.0827,8
prev_avg_application,"(63450.0, 80442.75]",0.0216,2532,28215,0.0823,7
prev_avg_application,"(80442.75, 99848.57]",0.0002,2483,28268,0.0807,7
prev_avg_application,"(99848.57, 124593.75]",-0.0121,2455,28296,0.0798,7
prev_avg_application,"(124593.75, 159165.0]",-0.0224,2432,28320,0.0791,7
prev_avg_application,"(159165.0, 215593.5]",-0.0281,2419,28331,0.0787,7
prev_avg_application,"(215593.5, 319500.0]",-0.0767,2313,28439,0.0752,7
prev_avg_application,"(319500.0, 4050000.0]",-0.146,2169,28581,0.0705,6
prev_max_credit,"(-0.001, 38015.012]",0.0024,2488,28264,0.0809,7
prev_max_credit,"(38015.012, 72900.0]",0.1129,2753,28001,0.0895,7
prev_max_credit,"(72900.0, 108450.0]",-0.0236,2429,28321,0.079,7
prev_max_credit,"(108450.0, 146502.0]",-0.0838,2298,28456,0.0747,8
prev_max_credit,"(146502.0, 203760.0]",-0.0736,2352,28829,0.0754,8
prev_max_credit,"(203760.0, 284611.5]",0.0011,2453,27903,0.0808,7
prev_max_credit,"(284611.5, 450000.0]",0.0507,2871,31076,0.0846,7
prev_max_credit,"(450000.0, 675000.0]",0.0771,2481,26155,0.0866,7
prev_max_credit,"(675000.0, 1046142.0]",0.0339,2474,27233,0.0833,7
prev_max_credit,"(1046142.0, 4509688.5]",-0.1154,2226,28448,0.0726,8
prev_avg_credit,"(-0.001, 29112.75]",0.0262,2543,28209,0.0827,7
prev_avg_credit,"(29112.75, 50076.0]",0.1336,2805,27946,0.0912,7
prev_avg_credit,"(50076.0, 68517.0]",-0.0047,2472,28283,0.0804,7
prev_avg_credit,"(68517.0, 87810.375]",0.0203,2529,28218,0.0823,7
prev_avg_credit,"(87810.375, 110439.0]",-0.0237,2429,28323,0.079,7
prev_avg_credit,"(110439.0, 139114.906]",-0.005,2471,28279,0.0804,7
prev_avg_credit,"(139114.906, 179793.906]",-0.0117,2456,28295,0.0799,7
prev_avg_credit,"(179793.906, 242329.047]",0.0002,2483,28268,0.0807,7
prev_avg_credit,"(242329.047, 355860.938]",-0.0545,2361,28390,0.0768,8
prev_avg_credit,"(355860.938, 4050000.0]",-0.0941,2276,28475,0.074,8
pos_loan_count,"(-0.001, 1.0]",0.1621,10075,97557,0.0936,8
pos_loan_count,"(1.0, 2.0]",0.0249,6074,67465,0.0826,7
pos_loan_count,"(2.0, 3.0]",-0.098,3669,46079,0.0738,7
pos_loan_count,"(3.0, 4.0]",-0.211,2071,29123,0.0664,7
pos_loan_count,"(4.0, 5.0]",-0.2349,1229,17701,0.0649,7
pos_loan_count,"(5.0, 26.0]",-0.242,1707,24761,0.0645,7
prev_avg_days_decision,"(-2922.001, -1712.0]",-0.1896,2083,28671,0.0677,7
prev_avg_days_decision,"(-1712.0, -1347.0]",-0.2725,1929,28847,0.0627,6
prev_avg_days_decision,"(-1347.0, -1100.4]",-0.2397,1986,28741,0.0646,7
prev_avg_days_decision,"(-1100.4, -908.4]",-0.1204,2221,28528,0.0722,7
prev_avg_days_decision,"(-908.4, -748.889]",-0.0471,2377,28374,0.0773,7
prev_avg_days_decision,"(-748.889, -606.4]",0.0382,2571,28180,0.0836,7
prev_avg_days_decision,"(-606.4, -478.8]",0.1245,2782,27970,0.0905,8
prev_avg_days_decision,"(-478.8, -358.0]",0.1956,2977,27877,0.0965,8
prev_avg_days_decision,"(-358.0, -230.75]",0.345,3381,27266,0.1103,8
prev_avg_days_decision,"(-230.75, 0.0]",0.0155,2518,28232,0.0819,7
prev_most_recent_app,"(-2922.001, -2700.0]",-0.3123,1859,28927,0.0604,9
prev_most_recent_app,"(-2700.0, -2483.0]",-0.1953,2073,28696,0.0674,8
prev_most_recent_app,"(-2483.0, -2187.0]",-0.1433,2175,28583,0.0707,8
prev_most_recent_app,"(-2187.0, -1778.0]",-0.1431,2174,28565,0.0707,8
prev_most_recent_app,"(-1778.0, -1408.0]",-0.0194,2437,28293,0.0793,7
prev_most_recent_app,"(-1408.0, -1036.0]",0.0032,2491,28274,0.081,7
prev_most_recent_app,"(-1036.0, -748.0]",0.14,2822,27936,0.0917,7
prev_most_recent_app,"(-748.0, -524.0]",0.2693,3168,27559,0.1031,6
prev_most_recent_app,"(-524.0, -303.0]",0.2575,3147,27700,0.102,6
prev_most_recent_app,"(-303.0, 0.0]",0.0027,2479,28153,0.0809,7
prev_credit_to_app_ratio,"(-0.001, 0.847]",-0.3602,1775,28977,0.0577,8
prev_credit_to_app_ratio,"(0.847, 0.934]",-0.2839,1907,28844,0.062,8
prev_credit_to_app_ratio,"(0.934, 0.974]",-0.2262,2013,28740,0.0655,7
prev_credit_to_app_ratio,"(0.974, 1.0]",-0.1068,3526,44677,0.0731,7
prev_credit_to_app_ratio,"(1.0, 1.013]",-0.2193,876,12421,0.0659,7
prev_credit_to_app_ratio,"(1.013, 1.038]",-0.1317,2198,28553,0.0715,7
prev_credit_to_app_ratio,"(1.038, 1.06]",0.0394,2574,28177,0.0837,7
prev_credit_to_app_ratio,"(1.06, 1.087]",0.1488,2844,27907,0.0925,7
prev_credit_to_app_ratio,"(1.087, 1.121]",0.2886,3226,27525,0.1049,7
prev_credit_to_app_ratio,"(1.121, 10.18]",0.499,3886,26865,0.1264,7
prev_revolving_loan_count,"(-0.001, 1.0]",-0.053,21110,253472,0.0769,7
prev_revolving_loan_count,"(1.0, 2.0]",0.289,2187,18654,0.1049,8
prev_revolving_loan_count,"(2.0, 31.0]",0.4994,1528,10560,0.1264,8
prev_app_count,"(-0.001, 1.0]",-0.0375,5380,63607,0.078,7
prev_app_count,"(1.0, 2.0]",-0.0293,3599,42200,0.0786,7
prev_app_count,"(2.0, 3.0]",-0.0356,3126,36888,0.0781,7
prev_app_count,"(3.0, 4.0]",-0.0707,2490,30432,0.0756,8
prev_app_count,"(4.0, 6.0]",-0.0221,3774,43937,0.0791,7
prev_app_count,"(6.0, 7.0]",0.0207,1348,15036,0.0823,7
prev_app_count,"(7.0, 10.0]",0.06,2575,27614,0.0853,7
prev_app_count,"(10.0, 73.0]",0.2276,2533,22972,0.0993,6
bur_max_dpd_status,"(-0.001, 1.0]",-0.0043,24216,276929,0.0804,7
bur_max_dpd_status,"(1.0, 5.0]",0.1861,609,5757,0.0957,7
bur_avg_months_history,"(-0.001, 18.0]",0.0489,20800,225552,0.0844,7
bur_avg_months_history,"(18.0, 32.25]",-0.0687,2308,28150,0.0758,7
bur_avg_months_history,"(32.25, 97.0]",-0.3937,1717,28984,0.0559,7
bur_total_dpd_months,"(-0.001, 1.0]",-0.0231,22485,262021,0.079,7
bur_total_dpd_months,"(1.0, 396.0]",0.2542,2340,20665,0.1017,7
bur_avg_days_credit,"(-2922.001, -1746.167]",-0.5117,1538,29214,0.05,10
bur_avg_days_credit,"(-1746.167, -1464.1]",-0.4873,1574,29178,0.0512,10
bur_avg_days_credit,"(-1464.1, -1270.0]",-0.3811,1741,29022,0.0566,9
bur_avg_days_credit,"(-1270.0, -1098.5]",-0.2651,1941,28812,0.0631,9
bur_avg_days_credit,"(-1098.5, -927.6]",-0.1495,2161,28577,0.0703,8
bur_avg_days_credit,"(-927.6, -747.444]",-0.001,2480,28269,0.0807,7
bur_avg_days_credit,"(-747.444, -542.0]",0.1707,2902,27860,0.0943,6
bur_avg_days_credit,"(-542.0, -285.5]",0.3906,3532,27215,0.1149,5
bur_avg_days_credit,"(-285.5, 0.0]",0.3732,6956,54539,0.1131,5
bur_most_recent_credit,"(-2922.001, -1076.0]",-0.341,1808,28953,0.0588,7
bur_most_recent_credit,"(-1076.0, -658.0]",-0.4651,1610,29190,0.0523,7
bur_most_recent_credit,"(-658.0, -448.0]",-0.3005,1882,28943,0.0611,7
bur_most_recent_credit,"(-448.0, -328.0]",-0.2342,2005,28855,0.065,7
bur_most_recent_credit,"(-328.0, -239.0]",-0.0903,2297,28627,0.0743,7
bur_most_recent_credit,"(-239.0, -171.0]",0.0884,2665,27779,0.0875,7
bur_most_recent_credit,"(-171.0, -109.0]",0.1044,2733,28037,0.0888,7
bur_most_recent_credit,"(-109.0, -48.0]",0.2399,3113,27886,0.1004,8
bur_most_recent_credit,"(-48.0, 0.0]",0.3397,6712,54416,0.1098,8
bur_avg_overdue,"(-0.001, 1617403.5]",0.0,24825,282686,0.0807,7
inst_late_rate_1y,"(-0.001, 0.0256]",-0.1351,17536,228561,0.0713,11
inst_late_rate_1y,"(0.0256, 0.143]",0.3274,3449,28309,0.1086,-2
inst_late_rate_1y,"(0.143, 1.0]",0.527,3840,25816,0.1295,-8
YEARS_EMPLOYED,"(-0.001, 1.074]",0.3349,3364,27406,0.1093,9
YEARS_EMPLOYED,"(1.074, 2.052]",0.3868,3526,27273,0.1145,9
YEARS_EMPLOYED,"(2.052, 3.101]",0.3109,3290,27453,0.107,9
YEARS_EMPLOYED,"(3.101, 4.375]",0.2116,3005,27692,0.0979,8
YEARS_EMPLOYED,"(4.375, 4.515]",-0.3866,3293,55196,0.0563,6
YEARS_EMPLOYED,"(4.515, 4.644]",0.1792,291,2770,0.0951,8
YEARS_EMPLOYED,"(4.644, 6.471]",0.0271,2542,28172,0.0828,7
YEARS_EMPLOYED,"(6.471, 8.852]",-0.1253,2211,28538,0.0719,7
YEARS_EMPLOYED,"(8.852, 13.373]",-0.3218,1840,28906,0.0598,6
YEARS_EMPLOYED,"(13.373, 49.074]",-0.5639,1463,29280,0.0476,5
AGE_YEARS,"(20.517, 28.175]",0.3987,3558,27194,0.1157,8
AGE_YEARS,"(28.175, 32.038]",0.3412,3382,27378,0.1099,8
AGE_YEARS,"(32.038, 36.0]",0.2136,3015,27730,0.0981,8
AGE_YEARS,"(36.0, 39.496]",0.1007,2723,28036,0.0885,7
AGE_YEARS,"(39.496, 43.151]",-0.023,2430,28315,0.079,7
AGE_YEARS,"(43.151, 47.178]",-0.0381,2398,28366,0.0779,7
AGE_YEARS,"(47.178, 51.74]",-0.1336,2193,28540,0.0714,7
AGE_YEARS,"(51.74, 56.093]",-0.2598,1951,28807,0.0634,7
AGE_YEARS,"(56.093, 60.77]",-0.4262,1668,29089,0.0542,7
AGE_YEARS,"(60.77, 69.121]",-0.5326,1507,29231,0.049,7
inst_max_delay_1y,"(-392.001, -10.0]",-0.294,1995,30483,0.0614,8
inst_max_delay_1y,"(-10.0, -5.0]",-0.2467,2097,30561,0.0642,8
inst_max_delay_1y,"(-5.0, -1.0]",-0.2781,2395,36015,0.0624,8
inst_max_delay_1y,"(-1.0, 0.0]",-0.0455,10977,130809,0.0774,7
inst_max_delay_1y,"(0.0, 1.0]",0.1418,1184,11700,0.0919,7
inst_max_delay_1y,"(1.0, 4.0]",0.2646,2440,21325,0.1027,7
inst_max_delay_1y,"(4.0, 340.0]",0.6692,3737,21793,0.1464,7
inst_avg_delay_1y,"(-415.001, -19.7]",-0.1795,2104,28668,0.0684,8
inst_avg_delay_1y,"(-19.7, -13.455]",-0.2115,2040,28700,0.0664,8
inst_avg_delay_1y,"(-13.455, -10.077]",-0.1017,2261,28502,0.0735,8
inst_avg_delay_1y,"(-10.077, -7.5]",0.0205,2573,28704,0.0823,7
inst_avg_delay_1y,"(-7.5, -5.174]",0.0723,2606,27605,0.0863,7
inst_avg_delay_1y,"(-5.174, -2.944]",0.1486,2843,27902,0.0925,7
inst_avg_delay_1y,"(-2.944, 0.0]",0.0284,10046,111196,0.0829,7
inst_avg_delay_1y,"(0.0, 159.462]",1.0455,352,1409,0.1999,5
pos_max_dpd_6m,"(-0.001, 4231.0]",0.0,24825,282686,0.0807,7
pos_avg_dpd_6m,"(-0.001, 4155.667]",0.0,24825,282686,0.0807,7
pos_late_rate_6m,"(-0.001, 1.0]",0.0,24825,282686,0.0807,7
cc_avg_utilization_6m,"(-0.001, 0.0868]",-0.0814,20727,256033,0.0749,8
cc_avg_utilization_6m,"(0.0868, 4.488]",0.5601,4098,26653,0.1333,1
debt_to_income,"(-15.516, 0.0]",-0.1132,8898,113467,0.0727,7
debt_to_income,"(0.0, 0.00385]",-0.1982,43,597,0.0672,8
debt_to_income,"(0.00385, 0.606]",-0.0476,2376,28375,0.0773,7
debt_to_income,"(0.606, 1.441]",-0.0264,2423,28328,0.0788,7
debt_to_income,"(1.441, 2.666]",0.0671,2640,28112,0.0858,7
debt_to_income,"(2.666, 4.617]",0.1063,2736,28014,0.089,7
debt_to_income,"(4.617, 8.315]",0.148,2842,27909,0.0924,7
debt_to_income,"(8.315, 1651.844]",0.1577,2867,27884,0.0932,7
credit_to_income,"(0.00381, 1.332]",-0.1683,2125,28634,0.0691,7
credit_to_income,"(1.332, 1.818]",-0.0427,2389,28391,0.0776,7
credit_to_income,"(1.818, 2.266]",0.0053,2493,28237,0.0811,7
credit_to_income,"(2.266, 2.764]",0.1214,2776,27996,0.0902,7
credit_to_income,"(2.764, 3.265]",0.0759,2659,28066,0.0865,7
credit_to_income,"(3.265, 3.906]",0.1426,2827,27914,0.092,8
credit_to_income,"(3.906, 4.725]",0.0711,2650,28104,0.0862,7
credit_to_income,"(4.725, 5.769]",-0.0165,2445,28306,0.0795,7
credit_to_income,"(5.769, 7.488]",-0.0883,2293,28522,0.0744,7
credit_to_income,"(7.488, 84.737]",-0.1442,2168,28516,0.0707,7
bur_debt_to_current_credit,"(-7.849, 0.0]",-0.1132,8898,113467,0.0727,7
bur_debt_to_current_credit,"(0.0, 0.00108]",-0.2756,40,600,0.0625,7
bur_debt_to_current_credit,"(0.00108, 0.175]",-0.0744,2318,28433,0.0754,7
bur_debt_to_current_credit,"(0.175, 0.419]",-0.0112,2457,28294,0.0799,7
bur_debt_to_current_credit,"(0.419, 0.793]",0.0799,2671,28080,0.0869,7
bur_debt_to_current_credit,"(0.793, 1.476]",0.1277,2790,27961,0.0907,7
bur_debt_to_current_credit,"(1.476, 3.116]",0.2145,3018,27733,0.0981,8
bur_debt_to_current_credit,"(3.116, 353.966]",0.0642,2633,28118,0.0856,7
annuity_to_income,"(-0.001, 0.08]",-0.134,2258,29399,0.0713,8
annuity_to_income,"(0.08, 0.104]",-0.1143,2168,27678,0.0726,8
annuity_to_income,"(0.104, 0.125]",-0.035,2405,28361,0.0782,7
annuity_to_income,"(0.125, 0.144]",-0.0313,2412,28338,0.0784,7
annuity_to_income,"(0.144, 0.163]",-0.0266,2423,28334,0.0788,7
annuity_to_income,"(0.163, 0.186]",0.0399,2574,28163,0.0837,7
annuity_to_income,"(0.186, 0.213]",0.0611,2627,28141,0.0854,7
annuity_to_income,"(0.213, 0.247]",0.1009,2723,28031,0.0885,7
annuity_to_income,"(0.247, 0.302]",0.0991,2716,28010,0.0884,7
annuity_to_income,"(0.302, 1.876]",0.0159,2519,28231,0.0819,7
cc_avg_balance_6m,"(-0.001, 15400.35]",-0.08,20754,256006,0.075,7
cc_avg_balance_6m,"(15400.35, 950495.062]",0.5525,4071,26680,0.1324,7
late_payment_debt_burden,"(-204875.22, 0.0]",-0.1145,15307,195442,0.0726,7
late_payment_debt_burden,"(0.0, 1538.491]",-0.2413,291,4218,0.0645,7
late_payment_debt_burden,"(1538.491, 20184.98]",0.0811,2674,28077,0.087,7
late_payment_debt_burden,"(20184.98, 80778.727]",0.2485,3112,27639,0.1012,7
late_payment_debt_burden,"(80778.727, 26667044.0]",0.361,3441,27310,0.1119,7
EXT_SOURCES_MEAN,"(0.022699999999999998, 0.367]",1.2,6942,23810,0.2257,10
EXT_SOURCES_MEAN,"(0.367, 0.421]",0.6381,4383,26368,0.1425,9
EXT_SOURCES_MEAN,"(0.421, 0.46]",0.3045,3272,27479,0.1064,8
EXT_SOURCES_MEAN,"(0.46, 0.493]",0.0206,2530,28221,0.0823,7
EXT_SOURCES_MEAN,"(0.493, 0.522]",-0.1895,2083,28668,0.0677,7
EXT_SOURCES_MEAN,"(0.522, 0.548]",-0.3656,1766,28985,0.0574,6
EXT_SOURCES_MEAN,"(0.548, 0.574]",-0.5889,1429,29322,0.0465,6
EXT_SOURCES_MEAN,"(0.574, 0.602]",-0.8981,1062,29689,0.0345,5
EXT_SOURCES_MEAN,"(0.602, 0.642]",-1.1512,831,29920,0.027,5
EXT_SOURCES_MEAN,"(0.642, 0.853]",-1.6167,527,30224,0.0171,3
EXT_SOURCES_STD,"(-0.0007390000000000001, 0.0506]",-0.1357,2190,28562,0.0712,7
EXT_SOURCES_STD,"(0.0506, 0.0756]",-0.2811,1912,28839,0.0622,6
EXT_SOURCES_STD,"(0.0756, 0.0955]",-0.3122,1857,28894,0.0604,6
EXT_SOURCES_STD,"(0.0955, 0.113]",-0.3584,1778,28973,0.0578,6
EXT_SOURCES_STD,"(0.113, 0.131]",-0.3394,1810,28941,0.0589,6
EXT_SOURCES_STD,"(0.131, 0.15]",-0.2082,2047,28704,0.0666,6
EXT_SOURCES_STD,"(0.15, 0.175]",0.005,2494,28257,0.0811,7
EXT_SOURCES_STD,"(0.175, 0.206]",0.2207,3035,27716,0.0987,8
EXT_SOURCES_STD,"(0.206, 0.249]",0.4774,3813,26938,0.124,10
EXT_SOURCES_STD,"(0.249, 0.487]",0.4999,3889,26862,0.1265,10
EXT_SOURCES_MIN,"(-0.0009999183, 0.144]",1.1214,6543,24276,0.2123,20
EXT_SOURCES_MIN,"(0.144, 0.22]",0.5445,4034,26650,0.1315,13
EXT_SOURCES_MIN,"(0.22, 0.282]",0.2835,3212,27546,0.1044,10
EXT_SOURCES_MIN,"(0.282, 0.344]",0.032,2556,28189,0.0831,8
EXT_SOURCES_MIN,"(0.344, 0.403]",-0.17,2121,28629,0.069,5
EXT_SOURCES_MIN,"(0.403, 0.464]",-0.3813,1740,29011,0.0566,3
EXT_SOURCES_MIN,"(0.464, 0.506]",-0.6878,3880,87890,0.0423,0
EXT_SOURCES_MIN,"(0.506, 0.508]",-1.1648,16,584,0.0267,-6
EXT_SOURCES_MIN,"(0.508, 0.807]",-1.2901,723,29911,0.0236,-7
LOAN_PAYMENT_LENGTH,"(6.324, 10.516]",-0.5476,1487,29278,0.0483,8
LOAN_PAYMENT_LENGTH,"(10.516, 14.63]",0.3736,3479,27266,0.1132,7
LOAN_PAYMENT_LENGTH,"(14.63, 17.768]",0.2348,3078,27715,0.1,7
LOAN_PAYMENT_LENGTH,"(17.768, 19.536]",0.2234,3042,27705,0.0989,7
LOAN_PAYMENT_LENGTH,"(19.536, 20.0]",-0.3222,2038,32030,0.0598,8
LOAN_PAYMENT_LENGTH,"(20.0, 22.01]",0.6396,3909,23481,0.1427,6
LOAN_PAYMENT_LENGTH,"(22.01, 25.214]",-0.5076,1544,29210,0.0502,8
LOAN_PAYMENT_LENGTH,"(25.214, 30.143]",-0.1033,2276,28737,0.0734,8
LOAN_PAYMENT_LENGTH,"(30.143, 34.063]",-0.1332,2243,29181,0.0714,8
LOAN_PAYMENT_LENGTH,"(34.063, 59.56]",-0.3551,1729,28083,0.058,8
DAYS_EMPLOYED_ANOMALY,"(-0.001, 1.0]",0.0,24825,282686,0.0807,7
